"EndTime","StartTime","ScriptPath","Duration"
"3/10/2025 8:01:53 PM","3/10/2025 7:59:34 PM","C:\Users\pho\repos\Spike3DWorkEnv\Spike3D\output\gen_scripts\run_kdiba_gor01_one_2006-6-07_11-26-53\run_kdiba_gor01_one_2006-6-07_11-26-53.py","00:02:18.8962439"
"3/10/2025 8:02:05 PM","3/10/2025 8:01:55 PM","C:\Users\pho\repos\Spike3DWorkEnv\Spike3D\output\gen_scripts\run_kdiba_gor01_one_2006-6-08_14-26-15\run_kdiba_gor01_one_2006-6-08_14-26-15.py","00:00:09.7276316"
"3/10/2025 8:02:17 PM","3/10/2025 8:02:07 PM","C:\Users\pho\repos\Spike3DWorkEnv\Spike3D\output\gen_scripts\run_kdiba_gor01_one_2006-6-09_1-22-43\run_kdiba_gor01_one_2006-6-09_1-22-43.py","00:00:09.7210199"
"3/10/2025 8:05:25 PM","3/10/2025 8:02:19 PM","C:\Users\pho\repos\Spike3DWorkEnv\Spike3D\output\gen_scripts\run_kdiba_gor01_one_2006-6-12_15-55-31\run_kdiba_gor01_one_2006-6-12_15-55-31.py","00:03:05.2510084"
"3/10/2025 8:10:16 PM","3/10/2025 8:05:26 PM","C:\Users\pho\repos\Spike3DWorkEnv\Spike3D\output\gen_scripts\run_kdiba_gor01_two_2006-6-07_16-40-19\run_kdiba_gor01_two_2006-6-07_16-40-19.py","00:04:50.0605229"
"3/10/2025 8:14:02 PM","3/10/2025 8:10:17 PM","C:\Users\pho\repos\Spike3DWorkEnv\Spike3D\output\gen_scripts\run_kdiba_gor01_two_2006-6-08_21-16-25\run_kdiba_gor01_two_2006-6-08_21-16-25.py","00:03:45.4493860"
"3/10/2025 8:20:56 PM","3/10/2025 8:14:05 PM","C:\Users\pho\repos\Spike3DWorkEnv\Spike3D\output\gen_scripts\run_kdiba_gor01_two_2006-6-09_22-24-40\run_kdiba_gor01_two_2006-6-09_22-24-40.py","00:06:51.1817886"
"3/10/2025 8:22:34 PM","3/10/2025 8:20:59 PM","C:\Users\pho\repos\Spike3DWorkEnv\Spike3D\output\gen_scripts\run_kdiba_gor01_two_2006-6-12_16-53-46\run_kdiba_gor01_two_2006-6-12_16-53-46.py","00:01:34.4630392"
"3/10/2025 8:23:08 PM","3/10/2025 8:22:35 PM","C:\Users\pho\repos\Spike3DWorkEnv\Spike3D\output\gen_scripts\run_kdiba_vvp01_one_2006-4-09_17-29-30\run_kdiba_vvp01_one_2006-4-09_17-29-30.py","00:00:32.5832699"
"3/10/2025 8:24:52 PM","3/10/2025 8:23:08 PM","C:\Users\pho\repos\Spike3DWorkEnv\Spike3D\output\gen_scripts\run_kdiba_vvp01_one_2006-4-10_12-25-50\run_kdiba_vvp01_one_2006-4-10_12-25-50.py","00:01:43.6436559"
"3/10/2025 8:26:33 PM","3/10/2025 8:24:53 PM","C:\Users\pho\repos\Spike3DWorkEnv\Spike3D\output\gen_scripts\run_kdiba_vvp01_two_2006-4-09_16-40-54\run_kdiba_vvp01_two_2006-4-09_16-40-54.py","00:01:39.7216356"
"3/10/2025 8:28:15 PM","3/10/2025 8:26:36 PM","C:\Users\pho\repos\Spike3DWorkEnv\Spike3D\output\gen_scripts\run_kdiba_vvp01_two_2006-4-10_12-58-3\run_kdiba_vvp01_two_2006-4-10_12-58-3.py","00:01:39.6516320"
"3/10/2025 8:30:26 PM","3/10/2025 8:28:18 PM","C:\Users\pho\repos\Spike3DWorkEnv\Spike3D\output\gen_scripts\run_kdiba_pin01_one_11-02_17-46-44\run_kdiba_pin01_one_11-02_17-46-44.py","00:02:08.1876480"
"3/10/2025 8:31:51 PM","3/10/2025 8:30:27 PM","C:\Users\pho\repos\Spike3DWorkEnv\Spike3D\output\gen_scripts\run_kdiba_pin01_one_11-02_19-28-0\run_kdiba_pin01_one_11-02_19-28-0.py","00:01:24.1291237"
"3/10/2025 8:32:59 PM","3/10/2025 8:31:54 PM","C:\Users\pho\repos\Spike3DWorkEnv\Spike3D\output\gen_scripts\run_kdiba_pin01_one_11-03_12-3-25\run_kdiba_pin01_one_11-03_12-3-25.py","00:01:05.3474625"
"3/10/2025 8:35:49 PM","3/10/2025 8:33:00 PM","C:\Users\pho\repos\Spike3DWorkEnv\Spike3D\output\gen_scripts\run_kdiba_pin01_one_fet11-01_12-58-54\run_kdiba_pin01_one_fet11-01_12-58-54.py","00:02:48.5289849"
"3/10/2025 9:17:39 PM","3/10/2025 9:16:10 PM","C:\Users\pho\repos\Spike3DWorkEnv\Spike3D\output\gen_scripts\run_kdiba_gor01_one_2006-6-07_11-26-53\run_kdiba_gor01_one_2006-6-07_11-26-53.py","00:01:29.2684508"
"3/10/2025 9:17:50 PM","3/10/2025 9:17:40 PM","C:\Users\pho\repos\Spike3DWorkEnv\Spike3D\output\gen_scripts\run_kdiba_gor01_one_2006-6-08_14-26-15\run_kdiba_gor01_one_2006-6-08_14-26-15.py","00:00:09.9142194"
"3/10/2025 9:18:02 PM","3/10/2025 9:17:52 PM","C:\Users\pho\repos\Spike3DWorkEnv\Spike3D\output\gen_scripts\run_kdiba_gor01_one_2006-6-09_1-22-43\run_kdiba_gor01_one_2006-6-09_1-22-43.py","00:00:09.8716054"
"3/10/2025 9:54:44 PM","3/10/2025 9:18:04 PM","C:\Users\pho\repos\Spike3DWorkEnv\Spike3D\output\gen_scripts\run_kdiba_gor01_one_2006-6-12_15-55-31\run_kdiba_gor01_one_2006-6-12_15-55-31.py","00:36:39.8711040"
"3/10/2025 9:58:08 PM","3/10/2025 9:54:47 PM","C:\Users\pho\repos\Spike3DWorkEnv\Spike3D\output\gen_scripts\run_kdiba_gor01_two_2006-6-07_16-40-19\run_kdiba_gor01_two_2006-6-07_16-40-19.py","00:03:21.6215748"
"3/10/2025 10:00:34 PM","3/10/2025 9:58:11 PM","C:\Users\pho\repos\Spike3DWorkEnv\Spike3D\output\gen_scripts\run_kdiba_gor01_two_2006-6-08_21-16-25\run_kdiba_gor01_two_2006-6-08_21-16-25.py","00:02:22.9656281"
"3/10/2025 10:05:03 PM","3/10/2025 10:00:35 PM","C:\Users\pho\repos\Spike3DWorkEnv\Spike3D\output\gen_scripts\run_kdiba_gor01_two_2006-6-09_22-24-40\run_kdiba_gor01_two_2006-6-09_22-24-40.py","00:04:28.3868253"
"3/10/2025 10:06:09 PM","3/10/2025 10:05:05 PM","C:\Users\pho\repos\Spike3DWorkEnv\Spike3D\output\gen_scripts\run_kdiba_gor01_two_2006-6-12_16-53-46\run_kdiba_gor01_two_2006-6-12_16-53-46.py","00:01:03.8121814"
"3/10/2025 10:06:45 PM","3/10/2025 10:06:11 PM","C:\Users\pho\repos\Spike3DWorkEnv\Spike3D\output\gen_scripts\run_kdiba_vvp01_one_2006-4-09_17-29-30\run_kdiba_vvp01_one_2006-4-09_17-29-30.py","00:00:33.4493835"
"3/10/2025 10:07:58 PM","3/10/2025 10:06:47 PM","C:\Users\pho\repos\Spike3DWorkEnv\Spike3D\output\gen_scripts\run_kdiba_vvp01_one_2006-4-10_12-25-50\run_kdiba_vvp01_one_2006-4-10_12-25-50.py","00:01:11.0949998"
"3/10/2025 10:09:08 PM","3/10/2025 10:08:00 PM","C:\Users\pho\repos\Spike3DWorkEnv\Spike3D\output\gen_scripts\run_kdiba_vvp01_two_2006-4-09_16-40-54\run_kdiba_vvp01_two_2006-4-09_16-40-54.py","00:01:08.4874906"
"3/10/2025 10:10:17 PM","3/10/2025 10:09:09 PM","C:\Users\pho\repos\Spike3DWorkEnv\Spike3D\output\gen_scripts\run_kdiba_vvp01_two_2006-4-10_12-58-3\run_kdiba_vvp01_two_2006-4-10_12-58-3.py","00:01:08.0821047"
"3/10/2025 10:11:43 PM","3/10/2025 10:10:18 PM","C:\Users\pho\repos\Spike3DWorkEnv\Spike3D\output\gen_scripts\run_kdiba_pin01_one_11-02_17-46-44\run_kdiba_pin01_one_11-02_17-46-44.py","00:01:24.8529556"
"3/10/2025 10:12:46 PM","3/10/2025 10:11:45 PM","C:\Users\pho\repos\Spike3DWorkEnv\Spike3D\output\gen_scripts\run_kdiba_pin01_one_11-02_19-28-0\run_kdiba_pin01_one_11-02_19-28-0.py","00:01:00.6966140"
"3/10/2025 10:13:35 PM","3/10/2025 10:12:48 PM","C:\Users\pho\repos\Spike3DWorkEnv\Spike3D\output\gen_scripts\run_kdiba_pin01_one_11-03_12-3-25\run_kdiba_pin01_one_11-03_12-3-25.py","00:00:46.6892588"
"3/10/2025 10:15:40 PM","3/10/2025 10:13:36 PM","C:\Users\pho\repos\Spike3DWorkEnv\Spike3D\output\gen_scripts\run_kdiba_pin01_one_fet11-01_12-58-54\run_kdiba_pin01_one_fet11-01_12-58-54.py","00:02:04.1951783"
"3/10/2025 10:23:17 PM","3/10/2025 10:21:42 PM","C:\Users\pho\repos\Spike3DWorkEnv\Spike3D\output\gen_scripts\run_kdiba_gor01_one_2006-6-07_11-26-53\run_kdiba_gor01_one_2006-6-07_11-26-53.py","00:01:34.6101471"
"3/10/2025 10:23:31 PM","3/10/2025 10:23:18 PM","C:\Users\pho\repos\Spike3DWorkEnv\Spike3D\output\gen_scripts\run_kdiba_gor01_one_2006-6-08_14-26-15\run_kdiba_gor01_one_2006-6-08_14-26-15.py","00:00:13.2406995"
"3/10/2025 10:23:45 PM","3/10/2025 10:23:33 PM","C:\Users\pho\repos\Spike3DWorkEnv\Spike3D\output\gen_scripts\run_kdiba_gor01_one_2006-6-09_1-22-43\run_kdiba_gor01_one_2006-6-09_1-22-43.py","00:00:12.0109880"
"3/10/2025 10:34:16 PM","3/10/2025 10:23:48 PM","C:\Users\pho\repos\Spike3DWorkEnv\Spike3D\output\gen_scripts\run_kdiba_gor01_one_2006-6-12_15-55-31\run_kdiba_gor01_one_2006-6-12_15-55-31.py","00:10:27.9052397"
"3/10/2025 10:39:24 PM","3/10/2025 10:34:17 PM","C:\Users\pho\repos\Spike3DWorkEnv\Spike3D\output\gen_scripts\run_kdiba_gor01_two_2006-6-07_16-40-19\run_kdiba_gor01_two_2006-6-07_16-40-19.py","00:05:07.2593069"
"3/10/2025 10:43:16 PM","3/10/2025 10:39:26 PM","C:\Users\pho\repos\Spike3DWorkEnv\Spike3D\output\gen_scripts\run_kdiba_gor01_two_2006-6-08_21-16-25\run_kdiba_gor01_two_2006-6-08_21-16-25.py","00:03:50.3568709"
"3/10/2025 10:50:31 PM","3/10/2025 10:43:17 PM","C:\Users\pho\repos\Spike3DWorkEnv\Spike3D\output\gen_scripts\run_kdiba_gor01_two_2006-6-09_22-24-40\run_kdiba_gor01_two_2006-6-09_22-24-40.py","00:07:13.3670225"
"3/10/2025 10:52:18 PM","3/10/2025 10:50:32 PM","C:\Users\pho\repos\Spike3DWorkEnv\Spike3D\output\gen_scripts\run_kdiba_gor01_two_2006-6-12_16-53-46\run_kdiba_gor01_two_2006-6-12_16-53-46.py","00:01:45.3017640"
"3/10/2025 10:53:18 PM","3/10/2025 10:52:20 PM","C:\Users\pho\repos\Spike3DWorkEnv\Spike3D\output\gen_scripts\run_kdiba_vvp01_one_2006-4-09_17-29-30\run_kdiba_vvp01_one_2006-4-09_17-29-30.py","00:00:57.3348313"
"3/10/2025 10:55:06 PM","3/10/2025 10:53:21 PM","C:\Users\pho\repos\Spike3DWorkEnv\Spike3D\output\gen_scripts\run_kdiba_vvp01_one_2006-4-10_12-25-50\run_kdiba_vvp01_one_2006-4-10_12-25-50.py","00:01:45.4566139"
"3/10/2025 10:56:58 PM","3/10/2025 10:55:09 PM","C:\Users\pho\repos\Spike3DWorkEnv\Spike3D\output\gen_scripts\run_kdiba_vvp01_two_2006-4-09_16-40-54\run_kdiba_vvp01_two_2006-4-09_16-40-54.py","00:01:48.8423096"
"3/10/2025 10:58:47 PM","3/10/2025 10:57:00 PM","C:\Users\pho\repos\Spike3DWorkEnv\Spike3D\output\gen_scripts\run_kdiba_vvp01_two_2006-4-10_12-58-3\run_kdiba_vvp01_two_2006-4-10_12-58-3.py","00:01:46.9162646"
"3/10/2025 11:00:43 PM","3/10/2025 10:58:48 PM","C:\Users\pho\repos\Spike3DWorkEnv\Spike3D\output\gen_scripts\run_kdiba_pin01_one_11-02_17-46-44\run_kdiba_pin01_one_11-02_17-46-44.py","00:01:55.3516290"
"3/10/2025 11:01:45 PM","3/10/2025 11:00:45 PM","C:\Users\pho\repos\Spike3DWorkEnv\Spike3D\output\gen_scripts\run_kdiba_pin01_one_11-02_19-28-0\run_kdiba_pin01_one_11-02_19-28-0.py","00:00:59.6561216"
"3/10/2025 11:02:31 PM","3/10/2025 11:01:45 PM","C:\Users\pho\repos\Spike3DWorkEnv\Spike3D\output\gen_scripts\run_kdiba_pin01_one_11-03_12-3-25\run_kdiba_pin01_one_11-03_12-3-25.py","00:00:45.6096691"
"3/10/2025 11:04:21 PM","3/10/2025 11:02:33 PM","C:\Users\pho\repos\Spike3DWorkEnv\Spike3D\output\gen_scripts\run_kdiba_pin01_one_fet11-01_12-58-54\run_kdiba_pin01_one_fet11-01_12-58-54.py","00:01:47.1374766"
"10/27/2025 12:34:32 PM","10/27/2025 12:11:06 PM","K:\scratch\gen_scripts\run_kdiba_gor01_one_2006-6-08_14-26-15\run_kdiba_gor01_one_2006-6-08_14-26-15__withNormalComputedReplays-qclu_1246789-frateThresh_2.0_tbin_75ms_Clean.py","00:23:25.8187028"
"10/27/2025 12:58:17 PM","10/27/2025 12:34:34 PM","K:\scratch\gen_scripts\run_kdiba_gor01_one_2006-6-09_1-22-43\run_kdiba_gor01_one_2006-6-09_1-22-43__withNormalComputedReplays-qclu_1246789-frateThresh_2.0_tbin_75ms_Clean.py","00:23:42.8655969"
"10/27/2025 1:06:14 PM","10/27/2025 12:58:19 PM","K:\scratch\gen_scripts\run_kdiba_gor01_one_2006-6-12_15-55-31\run_kdiba_gor01_one_2006-6-12_15-55-31__withNormalComputedReplays-qclu_1246789-frateThresh_2.0_tbin_75ms_Clean.py","00:07:54.9746481"
"10/27/2025 1:36:57 PM","10/27/2025 1:06:16 PM","K:\scratch\gen_scripts\run_kdiba_gor01_two_2006-6-07_16-40-19\run_kdiba_gor01_two_2006-6-07_16-40-19__withNormalComputedReplays-qclu_1246789-frateThresh_2.0_tbin_75ms_Clean.py","00:30:40.3912355"
"10/27/2025 1:55:07 PM","10/27/2025 1:36:59 PM","K:\scratch\gen_scripts\run_kdiba_gor01_two_2006-6-08_21-16-25\run_kdiba_gor01_two_2006-6-08_21-16-25__withNormalComputedReplays-qclu_1246789-frateThresh_2.0_tbin_75ms_Clean.py","00:18:07.9824031"
"10/27/2025 2:33:19 PM","10/27/2025 1:55:08 PM","K:\scratch\gen_scripts\run_kdiba_gor01_two_2006-6-09_22-24-40\run_kdiba_gor01_two_2006-6-09_22-24-40__withNormalComputedReplays-qclu_1246789-frateThresh_2.0_tbin_75ms_Clean.py","00:38:10.6602524"
"10/27/2025 2:36:44 PM","10/27/2025 2:33:21 PM","K:\scratch\gen_scripts\run_kdiba_gor01_two_2006-6-12_16-53-46\run_kdiba_gor01_two_2006-6-12_16-53-46__withNormalComputedReplays-qclu_1246789-frateThresh_2.0_tbin_75ms_Clean.py","00:03:23.3842024"
"10/27/2025 2:41:44 PM","10/27/2025 2:36:45 PM","K:\scratch\gen_scripts\run_kdiba_vvp01_one_2006-4-10_12-25-50\run_kdiba_vvp01_one_2006-4-10_12-25-50__withNormalComputedReplays-qclu_1246789-frateThresh_2.0_tbin_75ms_Clean.py","00:04:59.5670204"
"10/27/2025 2:47:24 PM","10/27/2025 2:41:45 PM","K:\scratch\gen_scripts\run_kdiba_vvp01_two_2006-4-09_16-40-54\run_kdiba_vvp01_two_2006-4-09_16-40-54__withNormalComputedReplays-qclu_1246789-frateThresh_2.0_tbin_75ms_Clean.py","00:05:38.9335401"
"10/27/2025 2:52:15 PM","10/27/2025 2:47:27 PM","K:\scratch\gen_scripts\run_kdiba_vvp01_two_2006-4-10_12-58-3\run_kdiba_vvp01_two_2006-4-10_12-58-3__withNormalComputedReplays-qclu_1246789-frateThresh_2.0_tbin_75ms_Clean.py","00:04:48.3621849"
"10/27/2025 2:57:17 PM","10/27/2025 2:52:18 PM","K:\scratch\gen_scripts\run_kdiba_vvp01_two_2006-4-10_12-58-3\run_kdiba_vvp01_two_2006-4-10_12-58-3__withNormalComputedReplays-qclu_1246789-frateThresh_2.0_tbin_75ms_Clean.py","00:04:58.7864552"
"10/27/2025 3:04:39 PM","10/27/2025 2:57:18 PM","K:\scratch\gen_scripts\run_kdiba_pin01_one_11-02_17-46-44\run_kdiba_pin01_one_11-02_17-46-44__withNormalComputedReplays-qclu_1246789-frateThresh_2.0_tbin_75ms_Clean.py","00:07:20.8430967"
"10/27/2025 4:27:12 PM","10/27/2025 3:43:23 PM","K:\scratch\gen_scripts\run_kdiba_gor01_one_2006-6-08_14-26-15\run_kdiba_gor01_one_2006-6-08_14-26-15__withNormalComputedReplays-qclu_1246789-frateThresh_2.0_tbin_75ms_Continued.py","00:43:48.5363985"
"10/27/2025 5:01:19 PM","10/27/2025 4:27:16 PM","K:\scratch\gen_scripts\run_kdiba_gor01_one_2006-6-09_1-22-43\run_kdiba_gor01_one_2006-6-09_1-22-43__withNormalComputedReplays-qclu_1246789-frateThresh_2.0_tbin_75ms_Continued.py","00:34:03.5228948"
"10/27/2025 5:15:06 PM","10/27/2025 5:01:21 PM","K:\scratch\gen_scripts\run_kdiba_gor01_one_2006-6-12_15-55-31\run_kdiba_gor01_one_2006-6-12_15-55-31__withNormalComputedReplays-qclu_1246789-frateThresh_2.0_tbin_75ms_Continued.py","00:13:44.4214888"
"10/27/2025 6:05:02 PM","10/27/2025 5:15:07 PM","K:\scratch\gen_scripts\run_kdiba_gor01_two_2006-6-07_16-40-19\run_kdiba_gor01_two_2006-6-07_16-40-19__withNormalComputedReplays-qclu_1246789-frateThresh_2.0_tbin_75ms_Continued.py","00:49:55.1747611"
"10/27/2025 6:21:59 PM","10/27/2025 6:05:04 PM","K:\scratch\gen_scripts\run_kdiba_gor01_two_2006-6-08_21-16-25\run_kdiba_gor01_two_2006-6-08_21-16-25__withNormalComputedReplays-qclu_1246789-frateThresh_2.0_tbin_75ms_Continued.py","00:16:54.5307448"
"10/27/2025 7:26:12 PM","10/27/2025 6:22:02 PM","K:\scratch\gen_scripts\run_kdiba_gor01_two_2006-6-09_22-24-40\run_kdiba_gor01_two_2006-6-09_22-24-40__withNormalComputedReplays-qclu_1246789-frateThresh_2.0_tbin_75ms_Continued.py","01:04:10.3387705"
"10/27/2025 7:42:59 PM","10/27/2025 7:26:13 PM","K:\scratch\gen_scripts\run_kdiba_gor01_two_2006-6-12_16-53-46\run_kdiba_gor01_two_2006-6-12_16-53-46__withNormalComputedReplays-qclu_1246789-frateThresh_2.0_tbin_75ms_Continued.py","00:16:46.2524442"
"10/27/2025 7:58:18 PM","10/27/2025 7:43:01 PM","K:\scratch\gen_scripts\run_kdiba_vvp01_one_2006-4-10_12-25-50\run_kdiba_vvp01_one_2006-4-10_12-25-50__withNormalComputedReplays-qclu_1246789-frateThresh_2.0_tbin_75ms_Continued.py","00:15:16.3757453"
"10/27/2025 8:13:12 PM","10/27/2025 7:58:20 PM","K:\scratch\gen_scripts\run_kdiba_vvp01_two_2006-4-09_16-40-54\run_kdiba_vvp01_two_2006-4-09_16-40-54__withNormalComputedReplays-qclu_1246789-frateThresh_2.0_tbin_75ms_Continued.py","00:14:51.3585060"
"10/27/2025 8:22:31 PM","10/27/2025 8:13:14 PM","K:\scratch\gen_scripts\run_kdiba_vvp01_two_2006-4-10_12-58-3\run_kdiba_vvp01_two_2006-4-10_12-58-3__withNormalComputedReplays-qclu_1246789-frateThresh_2.0_tbin_75ms_Continued.py","00:09:16.6639141"
"10/27/2025 8:30:27 PM","10/27/2025 8:22:33 PM","K:\scratch\gen_scripts\run_kdiba_vvp01_two_2006-4-10_12-58-3\run_kdiba_vvp01_two_2006-4-10_12-58-3__withNormalComputedReplays-qclu_1246789-frateThresh_2.0_tbin_75ms_Continued.py","00:07:53.8430896"
"10/27/2025 8:45:34 PM","10/27/2025 8:30:27 PM","K:\scratch\gen_scripts\run_kdiba_pin01_one_11-02_17-46-44\run_kdiba_pin01_one_11-02_17-46-44__withNormalComputedReplays-qclu_1246789-frateThresh_2.0_tbin_75ms_Continued.py","00:15:07.4769768"
"10/28/2025 4:17:25 AM","10/28/2025 3:10:51 AM","K:\scratch\gen_scripts\run_kdiba_gor01_one_2006-6-08_14-26-15\run_kdiba_gor01_one_2006-6-08_14-26-15__withNormalComputedReplays-qclu_1246789-frateThresh_2.0_tbin_75ms_Final.py","01:06:33.3335033"
"10/28/2025 5:11:15 AM","10/28/2025 4:17:25 AM","K:\scratch\gen_scripts\run_kdiba_gor01_one_2006-6-09_1-22-43\run_kdiba_gor01_one_2006-6-09_1-22-43__withNormalComputedReplays-qclu_1246789-frateThresh_2.0_tbin_75ms_Final.py","00:53:49.7540705"
"10/28/2025 5:33:29 AM","10/28/2025 5:11:17 AM","K:\scratch\gen_scripts\run_kdiba_gor01_one_2006-6-12_15-55-31\run_kdiba_gor01_one_2006-6-12_15-55-31__withNormalComputedReplays-qclu_1246789-frateThresh_2.0_tbin_75ms_Final.py","00:22:11.7273362"
"10/28/2025 6:41:36 AM","10/28/2025 5:33:29 AM","K:\scratch\gen_scripts\run_kdiba_gor01_two_2006-6-07_16-40-19\run_kdiba_gor01_two_2006-6-07_16-40-19__withNormalComputedReplays-qclu_1246789-frateThresh_2.0_tbin_75ms_Final.py","01:08:06.8618232"
"10/28/2025 7:11:25 AM","10/28/2025 6:41:39 AM","K:\scratch\gen_scripts\run_kdiba_gor01_two_2006-6-08_21-16-25\run_kdiba_gor01_two_2006-6-08_21-16-25__withNormalComputedReplays-qclu_1246789-frateThresh_2.0_tbin_75ms_Final.py","00:29:45.6685963"
"10/28/2025 8:47:33 AM","10/28/2025 7:11:28 AM","K:\scratch\gen_scripts\run_kdiba_gor01_two_2006-6-09_22-24-40\run_kdiba_gor01_two_2006-6-09_22-24-40__withNormalComputedReplays-qclu_1246789-frateThresh_2.0_tbin_75ms_Final.py","01:36:05.1728212"
"10/28/2025 9:04:35 AM","10/28/2025 8:47:35 AM","K:\scratch\gen_scripts\run_kdiba_gor01_two_2006-6-12_16-53-46\run_kdiba_gor01_two_2006-6-12_16-53-46__withNormalComputedReplays-qclu_1246789-frateThresh_2.0_tbin_75ms_Final.py","00:16:59.7308348"
"10/28/2025 9:21:01 AM","10/28/2025 9:04:35 AM","K:\scratch\gen_scripts\run_kdiba_vvp01_one_2006-4-10_12-25-50\run_kdiba_vvp01_one_2006-4-10_12-25-50__withNormalComputedReplays-qclu_1246789-frateThresh_2.0_tbin_75ms_Final.py","00:16:25.9865266"
"10/28/2025 9:42:57 AM","10/28/2025 9:21:02 AM","K:\scratch\gen_scripts\run_kdiba_vvp01_two_2006-4-09_16-40-54\run_kdiba_vvp01_two_2006-4-09_16-40-54__withNormalComputedReplays-qclu_1246789-frateThresh_2.0_tbin_75ms_Final.py","00:21:54.5757846"
"10/28/2025 10:02:47 AM","10/28/2025 9:43:00 AM","K:\scratch\gen_scripts\run_kdiba_vvp01_two_2006-4-10_12-58-3\run_kdiba_vvp01_two_2006-4-10_12-58-3__withNormalComputedReplays-qclu_1246789-frateThresh_2.0_tbin_75ms_Final.py","00:19:47.3994526"
"10/28/2025 10:15:49 AM","10/28/2025 10:02:48 AM","K:\scratch\gen_scripts\run_kdiba_vvp01_two_2006-4-10_12-58-3\run_kdiba_vvp01_two_2006-4-10_12-58-3__withNormalComputedReplays-qclu_1246789-frateThresh_2.0_tbin_75ms_Final.py","00:13:00.5708825"
"10/28/2025 11:15:57 AM","10/28/2025 10:15:51 AM","K:\scratch\gen_scripts\run_kdiba_pin01_one_fet11-01_12-58-54\run_kdiba_pin01_one_fet11-01_12-58-54__withNormalComputedReplays-qclu_1246789-frateThresh_2.0_tbin_75ms_Final.py","01:00:05.8406617"
"10/28/2025 11:53:45 AM","10/28/2025 11:15:58 AM","K:\scratch\gen_scripts\run_kdiba_pin01_one_11-02_17-46-44\run_kdiba_pin01_one_11-02_17-46-44__withNormalComputedReplays-qclu_1246789-frateThresh_2.0_tbin_75ms_Final.py","00:37:47.2876679"
"10/28/2025 1:54:11 PM","10/28/2025 1:51:52 PM","K:\scratch\gen_scripts\run_kdiba_gor01_one_2006-6-08_14-26-15\run_kdiba_gor01_one_2006-6-08_14-26-15__withNormalComputedReplays-qclu_1246789-frateThresh_2.0_tbin_75ms_Continued.py","00:02:18.4157465"
"10/28/2025 1:56:39 PM","10/28/2025 1:54:14 PM","K:\scratch\gen_scripts\run_kdiba_gor01_one_2006-6-09_1-22-43\run_kdiba_gor01_one_2006-6-09_1-22-43__withNormalComputedReplays-qclu_1246789-frateThresh_2.0_tbin_75ms_Continued.py","00:02:25.0186970"
"10/28/2025 1:57:42 PM","10/28/2025 1:56:41 PM","K:\scratch\gen_scripts\run_kdiba_gor01_one_2006-6-12_15-55-31\run_kdiba_gor01_one_2006-6-12_15-55-31__withNormalComputedReplays-qclu_1246789-frateThresh_2.0_tbin_75ms_Continued.py","00:01:01.0948378"
"10/28/2025 1:59:49 PM","10/28/2025 1:57:44 PM","K:\scratch\gen_scripts\run_kdiba_gor01_two_2006-6-07_16-40-19\run_kdiba_gor01_two_2006-6-07_16-40-19__withNormalComputedReplays-qclu_1246789-frateThresh_2.0_tbin_75ms_Continued.py","00:02:04.8450333"
"10/28/2025 2:01:19 PM","10/28/2025 1:59:50 PM","K:\scratch\gen_scripts\run_kdiba_gor01_two_2006-6-08_21-16-25\run_kdiba_gor01_two_2006-6-08_21-16-25__withNormalComputedReplays-qclu_1246789-frateThresh_2.0_tbin_75ms_Continued.py","00:01:28.7218905"
"10/28/2025 2:03:56 PM","10/28/2025 2:01:20 PM","K:\scratch\gen_scripts\run_kdiba_gor01_two_2006-6-09_22-24-40\run_kdiba_gor01_two_2006-6-09_22-24-40__withNormalComputedReplays-qclu_1246789-frateThresh_2.0_tbin_75ms_Continued.py","00:02:35.8847131"
"10/28/2025 2:04:46 PM","10/28/2025 2:03:56 PM","K:\scratch\gen_scripts\run_kdiba_gor01_two_2006-6-12_16-53-46\run_kdiba_gor01_two_2006-6-12_16-53-46__withNormalComputedReplays-qclu_1246789-frateThresh_2.0_tbin_75ms_Continued.py","00:00:49.4586090"
"10/28/2025 2:05:45 PM","10/28/2025 2:04:47 PM","K:\scratch\gen_scripts\run_kdiba_vvp01_one_2006-4-10_12-25-50\run_kdiba_vvp01_one_2006-4-10_12-25-50__withNormalComputedReplays-qclu_1246789-frateThresh_2.0_tbin_75ms_Continued.py","00:00:57.4463019"
"10/28/2025 2:06:48 PM","10/28/2025 2:05:47 PM","K:\scratch\gen_scripts\run_kdiba_vvp01_two_2006-4-09_16-40-54\run_kdiba_vvp01_two_2006-4-09_16-40-54__withNormalComputedReplays-qclu_1246789-frateThresh_2.0_tbin_75ms_Continued.py","00:01:00.9460958"
"10/28/2025 2:07:50 PM","10/28/2025 2:06:51 PM","K:\scratch\gen_scripts\run_kdiba_vvp01_two_2006-4-10_12-58-3\run_kdiba_vvp01_two_2006-4-10_12-58-3__withNormalComputedReplays-qclu_1246789-frateThresh_2.0_tbin_75ms_Continued.py","00:00:59.4503982"
"10/28/2025 2:08:17 PM","10/28/2025 2:07:51 PM","K:\scratch\gen_scripts\run_kdiba_vvp01_two_2006-4-10_12-58-3\run_kdiba_vvp01_two_2006-4-10_12-58-3__withNormalComputedReplays-qclu_1246789-frateThresh_2.0_tbin_75ms_Continued.py","00:00:25.8933758"
"10/28/2025 2:09:18 PM","10/28/2025 2:08:18 PM","K:\scratch\gen_scripts\run_kdiba_pin01_one_fet11-01_12-58-54\run_kdiba_pin01_one_fet11-01_12-58-54__withNormalComputedReplays-qclu_1246789-frateThresh_2.0_tbin_75ms_Continued.py","00:00:59.9532357"
"10/28/2025 2:10:34 PM","10/28/2025 2:09:21 PM","K:\scratch\gen_scripts\run_kdiba_pin01_one_11-02_17-46-44\run_kdiba_pin01_one_11-02_17-46-44__withNormalComputedReplays-qclu_1246789-frateThresh_2.0_tbin_75ms_Continued.py","00:01:13.0254891"
"10/28/2025 4:49:39 PM","10/28/2025 4:46:54 PM","K:\scratch\gen_scripts\run_kdiba_gor01_one_2006-6-08_14-26-15\run_kdiba_gor01_one_2006-6-08_14-26-15__withNormalComputedReplays-qclu_1246789-frateThresh_2.0_tbin_75ms_Continued.py","00:02:44.7311407"
"10/28/2025 4:52:25 PM","10/28/2025 4:49:39 PM","K:\scratch\gen_scripts\run_kdiba_gor01_one_2006-6-09_1-22-43\run_kdiba_gor01_one_2006-6-09_1-22-43__withNormalComputedReplays-qclu_1246789-frateThresh_2.0_tbin_75ms_Continued.py","00:02:45.3462171"
"10/28/2025 4:53:40 PM","10/28/2025 4:52:28 PM","K:\scratch\gen_scripts\run_kdiba_gor01_one_2006-6-12_15-55-31\run_kdiba_gor01_one_2006-6-12_15-55-31__withNormalComputedReplays-qclu_1246789-frateThresh_2.0_tbin_75ms_Continued.py","00:01:12.5392296"
"10/28/2025 4:56:07 PM","10/28/2025 4:53:43 PM","K:\scratch\gen_scripts\run_kdiba_gor01_two_2006-6-07_16-40-19\run_kdiba_gor01_two_2006-6-07_16-40-19__withNormalComputedReplays-qclu_1246789-frateThresh_2.0_tbin_75ms_Continued.py","00:02:23.8628952"
"10/28/2025 4:58:02 PM","10/28/2025 4:56:10 PM","K:\scratch\gen_scripts\run_kdiba_gor01_two_2006-6-08_21-16-25\run_kdiba_gor01_two_2006-6-08_21-16-25__withNormalComputedReplays-qclu_1246789-frateThresh_2.0_tbin_75ms_Continued.py","00:01:51.6933203"
"10/28/2025 5:01:02 PM","10/28/2025 4:58:04 PM","K:\scratch\gen_scripts\run_kdiba_gor01_two_2006-6-09_22-24-40\run_kdiba_gor01_two_2006-6-09_22-24-40__withNormalComputedReplays-qclu_1246789-frateThresh_2.0_tbin_75ms_Continued.py","00:02:57.9068120"
"10/28/2025 5:02:09 PM","10/28/2025 5:01:04 PM","K:\scratch\gen_scripts\run_kdiba_gor01_two_2006-6-12_16-53-46\run_kdiba_gor01_two_2006-6-12_16-53-46__withNormalComputedReplays-qclu_1246789-frateThresh_2.0_tbin_75ms_Continued.py","00:01:04.5226363"
"10/28/2025 5:03:18 PM","10/28/2025 5:02:10 PM","K:\scratch\gen_scripts\run_kdiba_vvp01_one_2006-4-10_12-25-50\run_kdiba_vvp01_one_2006-4-10_12-25-50__withNormalComputedReplays-qclu_1246789-frateThresh_2.0_tbin_75ms_Continued.py","00:01:08.2067477"
"10/28/2025 5:04:39 PM","10/28/2025 5:03:19 PM","K:\scratch\gen_scripts\run_kdiba_vvp01_two_2006-4-09_16-40-54\run_kdiba_vvp01_two_2006-4-09_16-40-54__withNormalComputedReplays-qclu_1246789-frateThresh_2.0_tbin_75ms_Continued.py","00:01:19.2364840"
"10/28/2025 5:05:55 PM","10/28/2025 5:04:40 PM","K:\scratch\gen_scripts\run_kdiba_vvp01_two_2006-4-10_12-58-3\run_kdiba_vvp01_two_2006-4-10_12-58-3__withNormalComputedReplays-qclu_1246789-frateThresh_2.0_tbin_75ms_Continued.py","00:01:14.9995629"
"10/28/2025 5:06:35 PM","10/28/2025 5:05:59 PM","K:\scratch\gen_scripts\run_kdiba_vvp01_two_2006-4-10_12-58-3\run_kdiba_vvp01_two_2006-4-10_12-58-3__withNormalComputedReplays-qclu_1246789-frateThresh_2.0_tbin_75ms_Continued.py","00:00:36.6728493"
"10/28/2025 5:07:49 PM","10/28/2025 5:06:38 PM","K:\scratch\gen_scripts\run_kdiba_pin01_one_fet11-01_12-58-54\run_kdiba_pin01_one_fet11-01_12-58-54__withNormalComputedReplays-qclu_1246789-frateThresh_2.0_tbin_75ms_Continued.py","00:01:10.8717951"
"10/28/2025 5:09:15 PM","10/28/2025 5:07:50 PM","K:\scratch\gen_scripts\run_kdiba_pin01_one_11-02_17-46-44\run_kdiba_pin01_one_11-02_17-46-44__withNormalComputedReplays-qclu_1246789-frateThresh_2.0_tbin_75ms_Continued.py","00:01:25.7229140"
"10/28/2025 8:19:57 PM","10/28/2025 8:17:43 PM","K:\scratch\gen_scripts\run_kdiba_gor01_one_2006-6-08_14-26-15\run_kdiba_gor01_one_2006-6-08_14-26-15__withNormalComputedReplays-qclu_1246789-frateThresh_2.0_tbin_75ms_Continued.py","00:02:14.3927308"
"10/28/2025 8:22:10 PM","10/28/2025 8:19:58 PM","K:\scratch\gen_scripts\run_kdiba_gor01_one_2006-6-09_1-22-43\run_kdiba_gor01_one_2006-6-09_1-22-43__withNormalComputedReplays-qclu_1246789-frateThresh_2.0_tbin_75ms_Continued.py","00:02:12.0849395"
"10/28/2025 8:23:11 PM","10/28/2025 8:22:13 PM","K:\scratch\gen_scripts\run_kdiba_gor01_one_2006-6-12_15-55-31\run_kdiba_gor01_one_2006-6-12_15-55-31__withNormalComputedReplays-qclu_1246789-frateThresh_2.0_tbin_75ms_Continued.py","00:00:58.0577953"
"10/28/2025 8:25:13 PM","10/28/2025 8:23:13 PM","K:\scratch\gen_scripts\run_kdiba_gor01_two_2006-6-07_16-40-19\run_kdiba_gor01_two_2006-6-07_16-40-19__withNormalComputedReplays-qclu_1246789-frateThresh_2.0_tbin_75ms_Continued.py","00:01:59.4355737"
"10/28/2025 8:26:39 PM","10/28/2025 8:25:13 PM","K:\scratch\gen_scripts\run_kdiba_gor01_two_2006-6-08_21-16-25\run_kdiba_gor01_two_2006-6-08_21-16-25__withNormalComputedReplays-qclu_1246789-frateThresh_2.0_tbin_75ms_Continued.py","00:01:25.5994044"
"10/28/2025 8:29:09 PM","10/28/2025 8:26:41 PM","K:\scratch\gen_scripts\run_kdiba_gor01_two_2006-6-09_22-24-40\run_kdiba_gor01_two_2006-6-09_22-24-40__withNormalComputedReplays-qclu_1246789-frateThresh_2.0_tbin_75ms_Continued.py","00:02:28.1129807"
"10/28/2025 8:30:01 PM","10/28/2025 8:29:11 PM","K:\scratch\gen_scripts\run_kdiba_gor01_two_2006-6-12_16-53-46\run_kdiba_gor01_two_2006-6-12_16-53-46__withNormalComputedReplays-qclu_1246789-frateThresh_2.0_tbin_75ms_Continued.py","00:00:50.1770265"
"10/28/2025 8:30:59 PM","10/28/2025 8:30:02 PM","K:\scratch\gen_scripts\run_kdiba_vvp01_one_2006-4-10_12-25-50\run_kdiba_vvp01_one_2006-4-10_12-25-50__withNormalComputedReplays-qclu_1246789-frateThresh_2.0_tbin_75ms_Continued.py","00:00:57.6331060"
"10/28/2025 8:32:06 PM","10/28/2025 8:31:02 PM","K:\scratch\gen_scripts\run_kdiba_vvp01_two_2006-4-09_16-40-54\run_kdiba_vvp01_two_2006-4-09_16-40-54__withNormalComputedReplays-qclu_1246789-frateThresh_2.0_tbin_75ms_Continued.py","00:01:04.4124542"
"10/28/2025 8:33:07 PM","10/28/2025 8:32:08 PM","K:\scratch\gen_scripts\run_kdiba_vvp01_two_2006-4-10_12-58-3\run_kdiba_vvp01_two_2006-4-10_12-58-3__withNormalComputedReplays-qclu_1246789-frateThresh_2.0_tbin_75ms_Continued.py","00:00:59.2963875"
"10/28/2025 8:33:33 PM","10/28/2025 8:33:08 PM","K:\scratch\gen_scripts\run_kdiba_vvp01_two_2006-4-10_12-58-3\run_kdiba_vvp01_two_2006-4-10_12-58-3__withNormalComputedReplays-qclu_1246789-frateThresh_2.0_tbin_75ms_Continued.py","00:00:24.6757909"
"10/28/2025 8:34:37 PM","10/28/2025 8:33:35 PM","K:\scratch\gen_scripts\run_kdiba_pin01_one_fet11-01_12-58-54\run_kdiba_pin01_one_fet11-01_12-58-54__withNormalComputedReplays-qclu_1246789-frateThresh_2.0_tbin_75ms_Continued.py","00:01:01.4353414"
"10/28/2025 8:36:08 PM","10/28/2025 8:34:38 PM","K:\scratch\gen_scripts\run_kdiba_pin01_one_11-02_17-46-44\run_kdiba_pin01_one_11-02_17-46-44__withNormalComputedReplays-qclu_1246789-frateThresh_2.0_tbin_75ms_Continued.py","00:01:29.6009770"
